id,title,price,genre,publisher,publication_date
1,Tai Chi Zero,$4.19,Action|Fantasy|Sci-Fi|IMAX,Feedspan,19/10/1990
2,Resurrecting the Street Walker,$5.39,Horror,Vipe,17/12/1992
3,Flame and Citron (Flammen & Citronen),$7.36,Action|Drama|War,Yodo,01/03/2002
4,Eraserhead,$3.56,Drama|Horror,Kaymbo,24/11/2016
5,Monsters,$0.06,Drama|Sci-Fi,Topicware,06/10/2022
6,Heavy Petting,$0.59,Documentary,Twiyo,21/12/1999
7,"Undead, The",$3.10,Fantasy|Horror,Vinder,26/03/1999
8,$ellebrity (Sellebrity),$3.15,Documentary,Rhycero,27/10/1991
9,Creep Van,$1.98,Horror,Fivechat,16/10/2004
10,Jingle All the Way 2,$6.18,Children|Comedy,Skinte,11/04/2020
11,Red Beard (Akahige),$8.80,Drama,Mynte,13/09/1993
12,Rough Night in Jericho,$7.76,Western,Vinte,25/10/1994
13,The Miracle of Our Lady of Fatima,$0.66,Drama,Quatz,12/03/2001
14,Battleground,$1.03,Action|Drama|War,Camido,12/08/2007
15,Pine Flat,$1.01,Drama,Voonder,09/06/2021
16,Hit by Lightning,$1.71,Comedy|Crime|Romance,Jabbertype,10/11/2016
17,Italianamerican,$6.82,Documentary,Browsebug,08/10/2021
18,A.K.A. Don Bonus,$2.89,Documentary,Divavu,28/01/2002
19,Artemisia,$2.47,Drama,Wikivu,03/05/2003
20,Kinyarwanda,$7.27,Drama|Romance,Fivebridge,15/07/1996
21,"Good Men, Good Women (Hao nan hao nu)",$0.63,Drama|Romance,Dabvine,23/11/2009
22,Tentacles (Tentacoli),$7.13,Horror|Sci-Fi|Thriller,Trudeo,21/07/2002
23,Bizarre,$1.26,(no genres listed),Rooxo,08/09/2010
24,"V.I.P.s, The",$7.76,Drama,Katz,10/05/1996
25,Pirates of Silicon Valley,$4.33,Documentary|Drama,Avamm,05/07/2016
26,Little Fockers,$2.31,Comedy,Jayo,25/08/2007
27,"Jerk Theory, The",$9.44,Comedy,Brightdog,14/08/2013
28,"Chechahcos, The",$4.26,Adventure|Drama,Twinder,05/06/1998
29,"End of Love, The",$5.96,Drama,Edgetag,04/07/2015
30,"Goddess, The",$0.07,Drama,Divape,19/11/2021
31,"Grave, The",$5.75,Comedy|Horror|Thriller,Vipe,30/12/2018
32,Zathura,$8.24,Action|Adventure|Children|Fantasy,Topicblab,19/08/2008
33,Alien Nation: Millennium,$3.22,Sci-Fi,Yacero,16/11/2010
34,Blue Ruin,$8.81,Thriller,Blogtags,08/08/2006
35,25 Watts,$1.90,Comedy|Drama,Oodoo,05/10/1992
36,Father of the Bride,$0.73,Comedy,Aimbo,17/04/2021
37,5 Fingers,$5.45,Drama|Thriller,Jabbersphere,18/02/2005
38,Of Human Bondage,$9.37,Drama,Ntags,18/07/1993
39,My One and Only,$9.49,Comedy|Drama,Flashdog,04/08/2001
40,Dimensions of Dialogue (Moznosti dialogu),$8.76,Animation|Comedy|Fantasy,Dabtype,11/10/1999
41,"Alien Predator (Mutant II) (Falling, The)",$6.90,Drama|Horror|Sci-Fi,Quinu,24/08/2008
42,In Darkness,$5.22,Drama,Latz,07/01/2011
43,"Sergeant, The",$9.57,Drama,Dynava,09/08/1994
44,Dirty Sanchez: The Movie,$0.85,Comedy,Meedoo,27/04/2014
45,Symmetry (Symetria),$7.53,Crime|Drama,Tagpad,20/03/2012
46,"Passion of Ayn Rand, The",$5.52,Documentary|Drama|Romance,Quaxo,13/05/2017
47,Live from Baghdad,$6.20,Drama|War,Yata,18/06/2015
48,Sharpe's Eagle,$5.87,Action|Adventure|War,Blogpad,16/04/2022
49,"Big Hangover, The",$4.73,Comedy,Tazz,29/04/1997
50,Our Family Wedding,$7.97,Comedy,Minyx,30/12/2006
51,"Unknown Soldier, The (Unbekannte Soldat, Der)",$2.05,Documentary,Devify,14/07/1999
52,"Aral, Fishing in an Invisible Sea",$6.14,Documentary,Fanoodle,18/05/2006
53,Come Early Morning,$7.92,Drama|Romance,Blogpad,23/12/2016
54,King of California,$6.61,Comedy,Mudo,30/03/1998
55,Knuckle ,$1.15,Documentary,Gigazoom,20/08/1991
56,Mickey,$6.21,Crime|Drama,Babbleopia,27/10/2021
57,Camp Rock 2: The Final Jam,$0.28,Comedy|Musical|Romance,Avavee,04/06/2009
58,Fate (Yazgi),$1.53,Drama,Bubblebox,10/06/2006
59,Save Me,$3.03,Drama,Wordware,28/05/2008
60,Bandwagon,$3.72,Comedy,Blognation,02/02/2001
61,Catacombs,$7.54,Horror|Thriller,Talane,16/08/2018
62,Fearful Symmetry: The Making of 'To Kill a Mockingbird',$6.09,Documentary,Mymm,22/10/2017
63,Legends of the Fall,$1.48,Drama|Romance|War|Western,Linktype,22/02/2001
64,"Deadly Spawn, The",$7.88,Horror|Sci-Fi,Browsecat,08/04/1992
65,Army of Crime (L'armée du crime),$9.11,Drama|Thriller|War,Fiveclub,03/09/2001
66,"Play House, The",$9.18,Comedy,Photobean,06/02/1995
67,Pete Kelly's Blues,$3.07,Crime|Drama,Babbleset,15/12/1991
68,Blood Runs Cold,$5.34,Horror,Zoomcast,14/10/2020
69,Strangers on a Train,$9.31,Crime|Drama|Film-Noir|Thriller,Centimia,28/07/2019
70,Tekkonkinkreet (Tekkon kinkurîto),$5.35,Action|Adventure|Animation|Crime|Fantasy,Fiveclub,14/04/2009
71,Catfish in Black Bean Sauce,$1.21,Comedy|Drama,Meedoo,31/01/2017
72,Yes: 9012 Live,$2.74,Documentary|Musical,Teklist,03/06/1999
73,Black Sheep,$5.99,Comedy,Realcube,12/04/1994
74,Our Daily Bread (Unser täglich Brot),$8.04,Documentary,Oodoo,23/05/2008
75,Days and Clouds (Giorni e nuvole),$5.95,Drama,Edgewire,22/05/2002
76,Amy's O (a.k.a. Amy's Orgasm),$6.90,Comedy|Romance,Trudoo,30/08/2012
77,Fail-Safe,$7.15,Drama|Thriller|War,Dazzlesphere,22/03/2019
78,Exorcist II: The Heretic,$1.74,Horror,Feedspan,17/03/2014
79,Claudine,$7.54,Drama,Ntags,29/12/2012
80,Hunting Elephants,$0.48,Comedy|Crime,Flashdog,25/10/2007
81,"Strawberry Statement, The",$4.89,Drama|Romance,Youbridge,21/08/2015
82,"Nude Bomb, The",$8.04,Comedy,Flashdog,23/07/1998
83,"Haunting, The",$5.40,Horror|Thriller,Livefish,20/10/1999
84,Inquire Within,$2.55,Comedy,Jaloo,15/01/1999
85,"Killing of Sister George, The",$1.03,Drama,Roodel,02/07/2007
86,Freddy Got Fingered,$8.55,Comedy,Fivespan,10/02/1992
87,Gods and Monsters,$8.49,Drama,Kwimbee,04/02/1991
88,Miss Violence,$8.13,Drama|Mystery,Voonix,27/12/2010
89,Non-Stop,$2.13,Action|Mystery|Thriller,Twitterwire,17/01/1995
90,"Glamorous Life of Sachiko Hanai, The (Hatsujô kateikyôshi: sensei no aijiru)",$9.23,Action|Comedy|Drama|Fantasy|Mystery|Sci-Fi|War,Wikido,18/11/2008
91,"Zone, The (La Zona)",$1.34,Drama|Thriller,Janyx,14/01/2014
92,Beverly Hills Cop II,$8.28,Action|Comedy|Crime|Thriller,Brightdog,05/01/1992
93,1900 (Novecento),$9.97,Drama|War,Skipstorm,27/07/2004
94,Three Stars,$6.30,Documentary,Vitz,01/09/1991
95,The Last Time I Saw Macao,$2.87,Documentary|Thriller,Voolith,08/12/2004
96,Proof,$7.17,Drama,Jetpulse,13/05/2006
97,American History X,$0.86,Crime|Drama,Youtags,11/01/2006
98,"Legend of Bigfoot, The",$4.29,Documentary,Yodoo,30/09/2011
99,Safety Patrol,$6.23,(no genres listed),Photofeed,26/08/2001
100,"Nature of the Beast, The",$3.75,Crime|Horror|Mystery|Thriller,Bubbletube,03/10/2003
101,Comrades: Almost a Love Story (Tian mi mi),$2.50,Drama|Romance,Agivu,17/06/2018
102,Looker,$8.77,Drama|Horror|Sci-Fi|Thriller,Kanoodle,28/05/2013
103,"Lord of the Rings, The",$1.07,Adventure|Animation|Children|Fantasy,Skaboo,14/08/2012
104,Naturally Native,$9.35,Drama,Oloo,02/06/2002
105,"Deal, The",$1.10,Drama,Ntags,15/12/1998
106,Life On A String (Bian chang Bian Zou),$5.01,Adventure|Drama|Fantasy|Musical,Vinte,13/01/2015
107,Let's Do It Again,$1.04,Comedy,Gigabox,06/01/2006
108,Angel Face,$8.07,Crime|Drama|Film-Noir,Blognation,05/11/1996
109,On the Outs,$5.83,Drama,Innotype,03/06/1999
110,"Unknown Soldier, The (Tuntematon sotilas)",$7.58,Drama|War,Flashdog,10/07/2002
111,Bag of Bones,$4.63,Horror,Tagopia,25/12/1998
112,"Prowler, The",$1.07,Drama|Film-Noir|Thriller,Twinte,23/11/2010
113,Bad News Bears,$6.58,Children|Comedy,Cogilith,27/12/2018
114,Moomins on the Riviera (Muumit Rivieralla),$2.88,Animation|Children|Comedy,Agivu,05/06/1996
115,Uncovered,$0.63,Mystery|Thriller,Bluezoom,27/12/2001
116,"Beat That My Heart Skipped, The (battre mon coeur s'est arrêté, De)",$0.25,Drama,Fivechat,09/10/2006
117,"Oh, God!",$1.64,Comedy|Fantasy,Thoughtstorm,23/03/2012
118,Patterns,$2.87,Drama,Ntag,13/12/2000
119,Blue in the Face,$2.79,Comedy|Drama,Kazu,23/01/2017
120,"Heroic Ones, The (Shi san tai bao)",$8.73,Action|Drama,Bubbletube,18/02/2011
121,Hôtel des Invalides,$5.06,Documentary,Plajo,06/08/1998
122,"Gay Bed and Breakfast of Terror, The",$0.98,Comedy|Horror,Twitterbridge,06/03/2001
123,Last Chance,$4.37,Comedy,Skimia,14/06/2009
124,Walt & El Grupo,$6.40,Documentary,Tagcat,09/06/2003
125,Gold,$0.26,Crime|Sci-Fi,LiveZ,09/07/1997
126,Common,$1.50,Crime|Drama,Quatz,24/08/1992
127,Carry on Spying (Agent Oooh!),$9.99,Comedy,Browsebug,29/05/2015
128,April Fool's Day,$3.21,Horror,Browsebug,06/08/2020
129,Assassination,$0.23,Action|Drama|Thriller,Oloo,08/10/2015
130,Blacksmith Scene,$4.27,(no genres listed),Devbug,18/04/2007
131,Hot Saturday,$7.64,Drama,Realblab,18/10/1990
132,Puppetry of the Penis: Live at the Forum (Puppetry of the Penis: The Ancient Art of Genital Origami),$1.26,Comedy|Documentary,Dabshots,24/08/2004
133,"Wool Cap, The",$0.38,Drama,Youfeed,03/07/2018
134,Brazilian Western (Faroeste Caboclo),$8.30,Crime|Drama|Romance,Jabberstorm,09/08/2017
135,Henry V,$4.06,Action|Drama|Romance|War,Omba,30/10/2013
136,"Hollywood Complex, The",$0.20,Documentary,Oyonder,20/03/1999
137,Tol'able David,$6.14,Drama,Midel,04/07/2002
138,"Grapes of Wrath, The",$7.54,Drama,Eimbee,25/12/1993
139,The Six Million Dollar Man,$3.28,Adventure|Sci-Fi,Thoughtstorm,05/09/2016
140,Date with an Angel,$8.75,Comedy|Fantasy|Romance,Bubblebox,15/09/1994
141,"Art of Negative Thinking, The (Kunsten å tenke negativt)",$2.66,Comedy|Drama,Youspan,13/12/1999
142,John Q,$1.35,Crime|Drama|Thriller,Oyondu,30/06/2001
143,"Kids, The (Mistons, Les) (Mischief Makers, The)",$7.65,Comedy,Agimba,22/10/1990
144,Ten North Frederick,$1.24,Drama|Romance,Dynava,11/08/1992
145,Our Blushing Brides,$6.42,Drama,Roomm,16/06/2020
146,Flower in Hell (Jiokhwa),$5.85,Crime|Drama,Skimia,09/12/1992
147,Sexy Beast,$4.18,Comedy|Crime|Drama,Voolith,08/04/2003
148,"Omega Man, The",$0.10,Action|Drama|Sci-Fi|Thriller,Tagfeed,19/06/1992
149,"Woods, The",$1.69,Horror,Leexo,24/01/1997
150,Russell Peters: The Green Card Tour - Live from the O2 Arena,$9.90,Comedy|Documentary,Riffwire,01/06/2014
151,"Autumn Heart, The",$1.68,Drama,Camido,01/08/2006
152,X2: X-Men United,$8.49,Action|Adventure|Sci-Fi|Thriller,Mynte,08/09/2007
153,At Any Second (In jeder Sekunde),$5.28,Drama,Vidoo,15/06/1996
154,Eloise at the Plaza,$2.17,Children|Comedy|Mystery,Yambee,23/02/2014
155,"Cassandra Crossing, The",$5.50,Drama,Skyndu,08/07/2016
156,Easy Money,$0.11,Comedy,Aibox,27/07/2013
157,"Girl, The",$1.42,Drama,Skyvu,03/04/2000
158,Watching the Detectives,$0.90,Comedy|Romance,Oba,13/10/2003
159,Little Big Soldier (Da bing xiao jiang),$5.48,Action|Adventure|Comedy|Drama|War,Pixoboo,20/05/1994
160,Land Ho!,$8.36,Adventure|Comedy|Drama,Skilith,23/01/1991
161,Kiss Me Goodbye,$0.20,(no genres listed),Riffpedia,14/07/2010
162,The 21 Carat Snatch,$0.48,Crime,Meemm,08/04/2011
163,"Goodbye Girl, The",$4.59,Comedy|Romance,Quinu,23/12/2005
164,Araya,$0.69,Documentary,Demizz,19/10/1991
165,"Fight, Zatoichi, Fight (Zatôichi kesshô-tabi) (Zatôichi 8)",$7.94,Action|Adventure|Comedy|Drama,Realfire,11/07/2016
166,Small Town Gay Bar,$4.64,Documentary,Lazz,21/09/2018
167,Zombie Strippers!,$7.50,Comedy|Horror,Riffpedia,26/02/2012
168,"Day in the Country, A (Partie de campagne)",$8.08,Drama|Romance,Browsetype,28/08/2003
169,Too Late Blues,$0.27,Drama,Oyoyo,08/05/2008
170,We Won't Grow Old Together (Nous ne vieillirons pas ensemble),$6.61,Drama,Voonte,20/09/2017
171,Love Object,$5.33,Comedy|Drama|Horror|Romance|Thriller,Layo,02/10/2019
172,First Name: Carmen (Prénom Carmen),$2.98,Crime|Drama|Romance,Zoomlounge,27/06/2009
173,Operator 13,$1.36,Drama|Romance|War,Centidel,17/03/2008
174,Do We Really Need the Moon?,$7.56,Documentary,Muxo,31/10/1993
175,"Living Ghost, The",$7.79,Comedy|Horror|Mystery|Thriller,Fiveclub,09/05/1997
176,"Good, the Bad and the Ugly, The (Buono, il brutto, il cattivo, Il)",$6.02,Action|Adventure|Western,Eimbee,09/04/1996
177,Double Vision (Shuang tong),$0.57,Horror|Mystery|Thriller,Realfire,06/12/2008
178,Albino Alligator,$7.38,Crime|Thriller,Dynabox,25/03/1998
179,"Cat in the Hat, The",$6.19,Children|Comedy,Oyonder,07/06/2011
180,Waiting for Happiness (Heremakono),$3.89,Drama,Kimia,18/09/2013
181,"That Night in Varennes (Nuit de Varennes, La)",$3.45,Drama,Aibox,12/01/2003
182,Crawlspace,$9.87,Horror|Thriller,Shufflester,21/06/2014
183,Dead of the Nite,$1.94,Horror,Dabtype,11/01/1994
184,Naked Blood: Megyaku (Nekeddo burâddo: Megyaku),$2.21,Horror,Demimbu,07/10/2007
185,Cold Weather,$1.89,Drama,Jaxbean,12/02/2008
186,"Thief, The (Vor)",$5.44,Drama,Npath,17/09/2015
187,Gigi,$8.13,Comedy,Leenti,23/04/2011
188,Antonio das Mortes (O Dragão da Maldade contra o Santo Guerreiro),$1.94,Drama|Western,Fliptune,16/03/2015
189,"Saban, Son of Saban",$7.45,Comedy|Crime|Mystery,Photobug,10/07/1992
190,My Neighbor Totoro (Tonari no Totoro),$3.24,Animation|Children|Drama|Fantasy,Oyoba,08/11/1998
191,Molière,$7.11,Comedy|Drama|Romance,Myworks,07/07/1994
192,Up,$9.85,Adventure|Animation|Children|Drama,Eidel,12/02/2022
193,"Great Bank Hoax, The",$4.16,Comedy|Crime,Myworks,15/11/1992
194,"Psychomania (Death Wheelers, The)",$9.81,Horror,Divanoodle,03/02/1996
195,"Christmas Carol, A (Scrooge)",$7.81,Drama|Fantasy,Demivee,15/01/1998
196,The Little Matchgirl,$4.53,Animation,Realbuzz,11/02/2017
197,Before Your Eyes (Min Dit: The Children of Diyarbakir),$9.17,Drama,Minyx,20/10/2021
198,"Undead, The",$5.06,Fantasy|Horror,Katz,29/06/2017
199,"Burning, The",$5.85,Horror,Zoombox,02/07/1994
200,"Last Dispatch, The",$6.25,Documentary,Rooxo,14/08/1998
201,Blood of the Vampire,$1.12,Horror|Sci-Fi,Kwilith,27/07/1994
202,"Bridal Party in Hardanger, The (Brudeferden i Hardanger)",$0.55,Drama|Romance,Flipstorm,20/09/2011
203,It Should Happen to You,$6.51,Comedy|Romance,Feedfish,01/12/1993
204,Go,$1.21,Drama,Oba,28/04/2019
205,The Lost Squadron,$9.57,(no genres listed),Skinte,19/04/1998
206,"Adjuster, The",$7.92,Drama,Trunyx,06/11/2000
207,Vera Cruz,$5.36,Adventure|Western,Voomm,03/03/2018
208,Out of the Blue,$5.31,Documentary,Trudeo,06/10/2018
209,Crime Wave,$5.06,Adventure|Comedy,Abatz,12/01/2003
210,"Return of the Prodigal Son, The (Návrat ztraceného syna)",$6.23,Drama,Yambee,18/10/1996
211,Dead Rising: Watchtower,$4.88,Action|Horror|Thriller,Cogidoo,29/02/1992
212,Mondo,$6.81,Drama,Talane,20/02/1994
213,Men in Black III (M.III.B.) (M.I.B.³),$3.24,Action|Comedy|Sci-Fi|IMAX,Mymm,27/03/2009
214,After Earth,$3.06,Action|Adventure|Sci-Fi|IMAX,Gabtune,18/06/2015
215,Cahill U.S. Marshal (Cahill: United States Marshal) (Wednesday Morning),$3.64,Western,Dabjam,18/09/2008
216,Grand Piano,$0.57,Mystery|Thriller,Yodo,26/06/2004
217,Monte Walsh,$8.77,Action|Adventure|Western,Skyba,18/08/2004
218,"Romantic Englishwoman, The",$0.79,Comedy|Drama,Dynabox,20/03/2014
219,Screamers,$2.08,Action|Sci-Fi|Thriller,Centimia,30/08/1997
220,Deconstructing Harry,$0.38,Comedy|Drama,Tagtune,20/04/1993
221,"True Story of Jesse James, The",$8.15,Action|Crime|Western,Voonix,17/12/1993
222,As it is in Heaven (Så som i himmelen),$4.26,Drama|Musical|Romance,Gabtype,17/08/2008
223,I Am Maria (Jag är Maria),$6.60,Drama,Teklist,05/01/2006
224,Nightwing,$6.58,Horror,Zoomzone,09/07/2000
225,Sudden Fear,$1.75,Film-Noir|Horror|Thriller,Voomm,12/08/2000
226,Pickup on South Street,$2.16,Film-Noir,Digitube,15/11/1998
227,Beautiful Girl,$7.34,Drama,Eabox,19/05/2015
228,"Phantom, The",$4.13,Action|Adventure|Crime|Fantasy,Jabbersphere,21/02/2013
229,The Time of Their Lives,$2.75,Comedy|Fantasy|Romance|Thriller,Flipopia,07/02/2005
230,Elizabeth I,$7.56,Drama,Agimba,03/02/1993
231,Homeward Bound II: Lost in San Francisco,$2.51,Adventure|Children,Realmix,04/12/1997
232,Big Jake,$7.08,Western,Realmix,09/05/2015
233,Krabat,$8.12,Drama|Fantasy,Oyoyo,14/06/2011
234,"Ten Shrews, The (Kymmenen riivinrautaa)",$9.11,Comedy,Roomm,04/07/2017
235,"Prize, The",$9.26,Drama|Mystery|Thriller,Eare,24/01/1999
236,"Black Dahlia, The",$4.48,Crime|Drama|Mystery|Thriller,Blogtag,02/08/2020
237,Eye of the Tiger,$6.30,Action,Zooveo,23/01/2012
238,Sasayaki (a.k.a. Moonlight Whispers) (Gekkô no sasayaki),$9.52,Drama|Romance,Trudoo,22/01/1994
239,The Rag Man,$5.56,Comedy|Drama,Edgepulse,27/10/2008
240,Where Eagles Dare,$1.10,Action|Adventure|War,Topiclounge,05/05/2007
241,Alibi,$0.52,Crime|Drama,Roomm,05/07/2000
242,Valiant,$1.03,Adventure|Animation|Children|Comedy|Fantasy|War,Flashset,20/09/2002
243,Trancers,$1.20,Action|Sci-Fi,Eamia,12/11/2002
244,"Last Lovecraft: Relic of Cthulhu, The",$2.21,Comedy|Horror,Gabtune,21/06/1995
245,Easy Living,$6.23,Comedy|Romance,Trupe,26/07/2004
246,"Miss and the Doctors (Tirez la langue, mademoiselle)",$3.97,Drama|Romance,Tavu,08/12/2010
247,Arcana,$5.45,Drama|Horror|Mystery,Babblestorm,12/11/2019
248,Designing Woman,$9.88,Comedy,Wordify,21/10/2008
249,"Dennis the Menace Christmas, A",$6.05,Comedy,Dabtype,26/04/2008
250,"For a Good Time, Call...",$0.91,Comedy|Drama|Romance,Demivee,24/05/1992
251,Cake,$1.38,Comedy|Romance,Meevee,20/06/2012
252,LOL (Laughing Out Loud),$8.89,Comedy,LiveZ,15/02/1999
253,Search for the Beast,$8.29,Horror,Voolith,24/09/2016
254,"Bolero (Uns et les autres, Les)",$8.18,Drama|War,Tagcat,20/04/2016
255,Too Beautiful for You (Trop belle pour toi),$8.62,Comedy|Drama|Romance,Tagopia,27/06/2017
256,For Neda,$6.08,Documentary,Skiba,17/11/2014
257,Some Mother's Son,$5.34,Drama,Teklist,20/12/2007
258,"Woman That Dreamed About a Man, The (Kvinden der drømte om en mand)",$7.59,Drama,Tekfly,26/03/2020
259,It Conquered the World,$3.51,Sci-Fi,Jaxbean,17/09/2004
260,Killjoy 3,$4.94,Horror,Tazz,17/08/2008
261,"Quo Vadis, Baby?",$2.02,Drama|Thriller,Twinte,26/05/1992
262,"Crossing, The",$3.64,Drama|War,Voonte,31/03/2022
263,Caltiki the Undying Monster,$5.37,Adventure|Horror|Sci-Fi|Thriller,Centimia,04/01/1994
264,The War at Home,$0.72,Documentary|War,Edgepulse,17/01/1998
265,Burn! (Queimada),$1.32,Drama|Thriller,Cogilith,11/01/1993
266,One Night of Love,$4.83,Romance,Linkbridge,14/04/1998
267,Life Is What You Make It (Linha de Passe),$4.25,Drama,Linktype,09/10/2021
268,Marie Antoinette,$0.99,Drama|Romance,Skalith,25/05/2009
269,Killer Legends,$9.54,Crime|Documentary,Gabvine,26/05/1997
270,Ricky Gervais Live 4: Science,$7.27,Comedy,Roomm,13/02/1992
271,Baarìa,$4.30,Comedy|Drama|War,Ntag,26/07/2019
272,Helen of Troy,$1.10,Action|Adventure|Drama|Romance,Photolist,20/05/2002
273,"Hi, Mom!",$0.60,Comedy,Quimba,10/05/2020
274,Triple Cross,$2.02,Action|Adventure|Drama|Thriller|War,Topicshots,18/02/2013
275,Crazy for Christmas,$0.33,Children,Livepath,27/11/2000
276,Stanley & Iris,$6.10,Drama|Romance,Yabox,15/10/2018
277,Charly,$5.81,Comedy|Drama|Romance,Jayo,27/09/1998
278,"Baron Blood (Orrori del castello di Norimberga, Gli)",$3.81,Horror,Browsebug,14/08/2019
279,Trixie,$6.92,Comedy|Crime|Mystery,Jabbersphere,25/02/2016
280,"Ascent, The (Voskhozhdeniye)",$3.05,Drama|War,Leexo,15/11/2006
281,Wishful Drinking,$7.01,Documentary,Roomm,28/02/2019
282,Two Lives (Zwei Leben),$7.73,Drama|Thriller,Jayo,10/12/2001
283,Red Lights (Feux rouges),$6.03,Drama,Edgeify,25/08/2001
284,Dead Presidents,$1.54,Action|Crime|Drama,Quinu,30/04/2004
285,Home Room,$5.04,Drama,Zooxo,28/11/2013
286,Major League: Back to the Minors,$3.47,Comedy,Zoomdog,08/08/2004
287,Day of Anger (I giorni dell'ira),$6.14,Western,Podcat,17/10/2020
288,Passion Play,$6.19,Drama|Romance,Twitterworks,16/11/2018
289,Don Verdean,$3.16,Comedy,Ailane,23/05/1991
290,Running Out of Time (Am zin),$7.17,Action|Crime|Drama|Thriller,Jabbersphere,29/11/1996
291,"Enigma of Kaspar Hauser, The (a.k.a. Mystery of Kaspar Hauser, The) (Jeder für sich und Gott Gegen Alle)",$5.45,Crime|Drama,Eamia,29/12/2011
292,Dracula: Dead and Loving It,$4.44,Comedy|Horror,Tazz,23/12/2008
293,Before Sunrise,$7.17,Drama|Romance,Mybuzz,03/12/1993
294,Snow Queen,$2.36,Adventure|Children|Fantasy,Meevee,18/01/2020
295,7500,$3.16,Action|Horror|Mystery|Thriller,Thoughtstorm,08/07/2022
296,Hollywood Sex Wars,$7.90,Comedy,Flipstorm,18/09/1995
297,"Last Blitzkrieg, The",$3.69,Drama|War,Mydo,10/01/2000
298,Master and Commander: The Far Side of the World,$9.54,Adventure|Drama|War,Jatri,16/12/2018
299,McConkey,$1.96,Adventure|Documentary,Zoombox,27/05/2004
300,Bonnie and Clyde,$6.18,Crime|Documentary|Drama,Fanoodle,11/01/2014
301,Flirting,$9.92,Drama,Riffwire,20/02/1993
302,George Carlin: Life Is Worth Losing,$2.71,Comedy,Skipfire,10/06/2007
303,Far and Away,$0.18,Adventure|Drama|Romance,Demizz,24/08/2021
304,Poetic Justice,$0.74,Drama,Skyble,10/11/2004
305,"Three Faces of Eve, The",$6.27,Drama,DabZ,28/12/2011
306,"Alley Cats, The",$1.85,Drama,Brainverse,31/05/2004
307,Killer Holiday,$7.49,Horror|Thriller,Skidoo,20/11/1999
308,Abraham's Valley (Vale Abraão),$8.46,Drama,Gabvine,27/02/2000
309,You Belong to Me,$4.13,Comedy|Romance,Shuffledrive,15/12/2001
310,Bummer (Bumer),$0.36,Action|Drama|Thriller,Flashdog,18/11/1996
311,Sex and the Single Girl,$1.74,Comedy|Romance,Voonix,19/11/1998
312,Don't Look Back (Ne te retourne pas),$7.87,Drama|Horror|Mystery|Thriller,Yodo,11/02/2003
313,Born to Raise Hell,$9.94,Action,Youopia,28/11/2018
314,"Life Before Her Eyes, The",$7.36,Drama|Thriller,Chatterpoint,02/07/2016
315,"Plumm Summer, A",$9.04,Adventure,Twinte,30/10/2016
316,Twilight of the Ice Nymphs,$8.91,Fantasy,Ooba,18/07/1993
317,Trance,$9.05,Horror,Topicshots,27/05/2021
318,"Silence of the Lambs, The",$1.74,Crime|Horror|Thriller,Bluezoom,24/05/2019
319,Leaves from Satan's Book (Blade af Satans bog),$1.49,Drama,Kwinu,06/12/2017
320,Let the Good Times Roll,$3.58,Documentary,Meezzy,16/02/2001
321,Casting By,$9.79,Documentary,Yata,09/09/1997
322,"Nada Gang, The (Nada)",$5.65,Thriller,Photobean,05/01/2004
323,Key of Life (Kagi-dorobô no mesoddo),$3.08,Comedy|Crime|Romance,Shuffletag,23/04/2001
324,Until Death,$3.37,Action|Drama|Thriller,Zoonder,11/05/2006
325,Sweethearts,$8.56,Musical|Romance,Aibox,16/01/1995
326,Lessons of Darkness (Lektionen in Finsternis),$0.31,Documentary|War,Oyondu,15/09/2015
327,Between the Sheets (Entre Lençóis),$9.73,Drama|Romance,Tagopia,18/07/2016
328,Mezzo Forte,$3.14,Action|Animation|Comedy,Jamia,16/02/2019
329,Too Late Blues,$1.61,Drama,Pixope,26/01/2013
330,Izo,$5.33,Action|Drama|Fantasy|Horror|Thriller|War,Vidoo,23/09/2014
331,The Face of Love,$1.61,Drama|Romance,Jabbertype,22/10/2004
332,Every Stewardess Goes to Heaven (Todas las azafatas van al cielo),$7.69,Drama|Romance,Browsezoom,06/01/2003
333,Time to Leave,$6.66,Drama,Realblab,19/11/1991
334,Morons From Outer Space,$9.00,Comedy|Sci-Fi,Blogspan,31/03/2008
335,Death Watch (La Mort en Direct),$3.34,Drama|Sci-Fi,Quamba,10/09/2012
336,"Aura, The (Aura, El)",$4.13,Crime|Drama|Thriller,Browsebug,29/07/1995
337,Ghostbusters (a.k.a. Ghost Busters),$0.06,Action|Comedy|Sci-Fi,Topicshots,07/08/1994
338,Private Detective 62,$0.47,Comedy|Crime|Drama,Topiclounge,25/06/2011
339,Say It Isn't So,$5.45,Comedy|Romance,Shuffledrive,21/01/1994
340,Beslan: Three Days in September,$1.78,Documentary,Wordware,09/07/2022
341,Red Riding: 1974,$5.61,Crime|Drama|Mystery|Thriller,Jetpulse,03/07/2010
342,Defenders of Riga,$7.71,Action|Drama|War,Thoughtblab,03/10/2012
343,Valhalla,$3.16,Adventure|Animation|Children|Fantasy,Blogspan,13/06/2014
344,Price Check,$1.38,Comedy|Drama,Skidoo,26/07/2002
345,Attack the Block,$1.07,Action|Comedy|Sci-Fi,Twitternation,13/02/2015
346,Next of Kin,$6.16,Comedy|Drama,Photobean,28/04/1999
347,Fanny and Alexander (Fanny och Alexander),$7.69,Drama|Fantasy|Mystery,Devshare,15/04/1997
348,United 93,$0.75,Crime|Drama,Jazzy,03/09/2018
349,Orca: The Killer Whale,$0.78,Action|Drama|Horror|Thriller,Cogidoo,20/07/2003
350,Thrive,$7.58,Documentary,Bubblemix,07/06/2007
351,How I Killed My Father (a.k.a. My Father and I) (Comment j'ai tué mon Père),$6.20,Drama,Twitternation,06/05/1994
352,Whiplash,$0.06,Drama,Bubbletube,06/07/2013
353,Bad Asses (Bad Ass 2),$9.81,Action|Drama,Tagfeed,08/12/2019
354,"Big Picture, The",$0.79,Comedy|Drama,Youfeed,02/12/2000
355,Thirty Day Princess,$2.88,Comedy|Romance,Zoomdog,19/02/1995
356,World on a Wire (Welt am Draht),$9.27,Crime|Sci-Fi,Riffwire,11/07/2010
357,Metallica: Some Kind of Monster,$1.55,Documentary,Yata,26/09/1995
358,"German Doctor, The (Wakolda)",$9.91,Drama|Thriller,Trudoo,24/02/2002
359,Baghban,$7.46,Drama|Romance,Eazzy,20/10/2008
360,Frankenstein,$7.29,Drama|Horror|Sci-Fi,Meedoo,12/06/2017
361,So It Goes (Korsoteoria),$0.98,Drama,Skyba,30/08/2013
362,"Ward, The",$0.87,Horror|Thriller,Realcube,14/06/1998
363,About Face: Supermodels Then and Now,$6.84,Comedy|Documentary,Abatz,02/10/1991
364,Demon Seed,$4.79,Horror|Sci-Fi|Thriller,Meevee,23/12/2020
365,Song of the Little Road (Pather Panchali),$2.24,Drama,Fivebridge,21/02/1992
366,"I Love You, I Love You Not",$4.30,Drama|Romance,Avaveo,05/10/1991
367,"Monkey's Paw, The",$2.52,Horror|Thriller,Aivee,26/12/1997
368,King Lear,$1.42,Comedy|Drama|Sci-Fi,Eayo,25/05/2006
369,I Smile Back,$0.03,Drama,Eabox,22/01/1994
370,"Endless Summer 2, The",$7.17,Adventure|Documentary,Skipstorm,17/12/2006
371,Après lui,$8.22,Drama,Jaxspan,04/04/2006
372,Beyond the Mind's Eye,$9.38,Animation|Comedy,Teklist,30/09/2020
373,Hearty Paws,$5.95,Adventure|Drama,Mymm,19/12/2011
374,The Miracle of Our Lady of Fatima,$7.27,Drama,Jaxspan,05/08/1996
375,Tart,$5.81,Crime|Drama|Romance,Gigabox,03/12/2000
376,"Psychomania (Death Wheelers, The)",$4.86,Horror,Photospace,18/06/1992
377,Donnie Brasco,$8.81,Crime|Drama,Quimm,08/10/2018
378,"Nature of Existence, The",$3.66,Documentary,Plajo,04/02/2003
379,Airport,$4.75,Drama,Cogilith,15/03/1993
380,Gnomeo & Juliet,$4.74,Adventure|Animation|Children|Comedy|Fantasy|Romance,Shuffledrive,29/09/1992
381,Patty Hearst,$1.35,(no genres listed),Feedmix,22/07/2016
382,Howling IV: The Original Nightmare,$2.27,Horror,Skiba,30/08/2002
383,Mikey and Nicky,$4.23,Drama,Tagfeed,31/03/1994
384,"Year of Living Dangerously, The",$5.67,Drama|Romance|War,Lajo,07/06/1994
385,"Facing Windows (Finestra di fronte, La)",$9.26,Drama|Romance,Jaxworks,05/01/1996
386,Bright Victory,$9.97,Drama,Kwinu,05/12/1993
387,Beyond the Lights,$9.14,Drama,Mydeo,24/04/2004
388,Horror Express,$0.35,Horror,Babbleset,11/11/1995
389,"Gatekeepers, The",$1.28,Documentary,Nlounge,11/04/2004
390,"Catechism Cataclysm, The",$4.26,Comedy,Trupe,31/05/2014
391,Bound,$1.06,Crime|Drama|Romance|Thriller,Topicshots,07/03/2019
392,Rocket Science,$4.13,Comedy|Drama,Topicblab,11/02/2005
393,Life Is Sweet,$1.32,Comedy|Drama,Bubbletube,04/02/2021
394,"Station, The (Blutgletscher)",$3.65,Horror,Katz,26/08/2021
395,Best Friends,$5.75,Comedy|Drama|Romance,Meezzy,17/06/2013
396,"Nature of the Beast, The",$3.23,Crime|Horror|Mystery|Thriller,Voolith,16/09/1997
397,"Bûche, La",$5.79,Comedy|Drama,Youspan,22/06/2020
398,Wonder Boys,$9.30,Comedy|Drama,Rhyloo,23/03/2018
399,"Haunted Castle, The (Hiroku kaibyô-den)",$5.71,Horror,Podcat,18/10/2004
400,Secuestro Express,$3.42,Action|Drama|Thriller,Quimba,06/07/1995
401,10th & Wolf,$3.12,Crime|Drama|Thriller,Edgeify,04/12/2006
402,"Truman Show, The",$8.78,Comedy|Drama|Sci-Fi,Browseblab,03/03/1993
403,"Cadaver Christmas, A",$3.95,Comedy|Horror,Roombo,07/04/2017
404,Fever,$9.59,Thriller,Rhyzio,27/01/2017
405,Don't Tell Anyone (No se lo digas a nadie),$8.69,Comedy|Drama,Bubblemix,07/01/2006
406,Quod erat demonstrandum,$9.06,Drama,Quaxo,19/12/2016
407,Joan of Paris,$2.24,Drama|Romance|War,Nlounge,27/02/2015
408,Miracles - Mr. Canton and Lady Rose,$6.15,Action|Comedy|Crime|Drama,Myworks,11/06/2000
409,"Run, Man, Run! (Corri uomo corri)",$7.95,Adventure|Comedy|Western,Fatz,01/01/2019
410,Cold Fish (Tsumetai nettaigyo),$9.06,Drama|Thriller,Brightbean,16/02/2014
411,"Grandfather, The (Abuelo, El)",$4.50,Drama,Yacero,01/06/2019
412,Con Air,$0.91,Action|Adventure|Thriller,Linktype,19/12/2004
413,Stand by Me,$3.17,Adventure|Drama,Teklist,15/11/2001
414,"Deal, The",$5.68,Comedy,Bubblemix,23/10/2004
415,Freedomfighters (Libertarias),$8.60,Drama|War,Blogtags,12/08/1992
416,Gerontophilia,$6.96,Comedy|Romance,Dynava,26/04/2014
417,Le créateur ,$7.60,Comedy,Buzzbean,06/08/2018
418,Left Behind: The Movie,$1.77,Action|Adventure|Drama|Thriller,Wikizz,11/11/2003
419,Extreme Days,$8.79,Action|Adventure|Comedy|Drama,Quinu,04/07/2010
420,Zincirbozan,$5.06,Crime|Drama,Trunyx,17/07/2016
421,Ito: A Diary of an Urban Priest (Seitti - kilvoittelijan päiväkirja),$0.34,Documentary,Feedmix,29/06/2006
422,"Survivors, The",$3.28,Comedy,Wordpedia,13/07/1992
423,Bells of Capistrano,$5.11,Western,Fivespan,29/08/2016
424,Crime at Porta Romana,$4.02,Comedy|Crime,Ntag,02/06/2010
425,Comrade X,$3.99,Comedy|Drama,Flashpoint,26/03/2003
426,"Hamburg Syndrome, The (Die Hamburger Krankheit)",$4.75,Adventure|Sci-Fi,Twitterbeat,07/09/2007
427,One Body Too Many,$4.23,Comedy|Horror|Mystery,Teklist,24/01/1999
428,Tom at the Farm (Tom à la ferme),$2.17,Drama,Wikivu,14/09/1991
429,Home Page,$6.31,Documentary,Yodoo,14/01/2002
430,American Crude,$5.91,Comedy|Drama,Cogilith,11/12/2014
431,Passion Fish,$9.62,Drama,Jaxspan,06/03/2007
432,"Illusion Travels by Streetcar (Ilusión viaja en tranvía, La)",$2.59,Adventure|Comedy|Drama,Mydeo,11/04/2015
433,Harry and the Hendersons,$7.36,Children|Comedy,Tavu,10/01/2019
434,Macbeth,$4.60,Drama,Abata,30/10/2017
435,Ski Patrol,$0.05,Action|War,Fatz,25/10/2012
436,American Outlaws,$5.72,Action|Comedy|Western,Tagtune,02/02/1997
437,Dangerous Liaisons,$8.69,Comedy|Crime|Drama|Mystery,Yakidoo,28/11/1991
438,C.H.O.M.P.S.,$5.40,Comedy|Sci-Fi,Shuffletag,13/02/2016
439,Chance,$6.23,Comedy|Drama,Quimba,22/11/2011
440,Fury,$0.61,Action|Drama|War,Skyble,29/08/2004
441,Casting Couch,$3.15,(no genres listed),Quatz,30/10/2004
442,War of the Robots (La guerra dei robot),$5.93,Action|Adventure|Sci-Fi,Babbleset,29/01/1992
443,The Rebel,$2.15,Action|Crime|Drama|Thriller,Photojam,26/05/2021
444,"Slipping-Down Life, A",$0.48,Drama|Romance,Jabbercube,23/07/1993
445,The DUFF,$6.73,Comedy,Yodo,19/11/2006
446,On Dangerous Ground,$7.96,Crime|Drama|Film-Noir,Tanoodle,15/02/2016
447,Tai Chi Hero,$0.50,Action|Comedy|Drama|Fantasy|Sci-Fi|IMAX,Katz,02/05/2013
448,Wild Gals Of The Naked West,$8.85,Comedy|Western,Mybuzz,21/04/1992
449,Lara Croft: Tomb Raider,$8.25,Action|Adventure,Omba,07/04/1995
450,Trailer Park of Terror,$8.04,Horror|Thriller,Photolist,15/06/1993
451,Stray Cat Rock: Sex Hunter (Nora-neko rokku: Sekkusu hanta),$8.61,Crime,Brainlounge,29/02/2012
452,Mothra (Mosura),$8.69,Adventure|Fantasy|Sci-Fi,Voolia,18/03/2015
453,Levottomat 3,$0.09,Romance,Mymm,30/05/1999
454,Track of the Cat,$5.15,Drama|Western,Agimba,22/12/2012
455,Assassins,$1.33,Action|Crime|Thriller,Edgepulse,08/01/2011
456,Miracle at St. Anna,$1.62,Drama|Mystery|War,Riffpath,04/09/2008
457,"Destinées, Les (Destinées sentimentales, Les)",$3.47,Drama|Romance,Flashpoint,27/05/2019
458,Mad Monster Party?,$9.98,Children|Comedy|Horror,Mymm,04/08/1999
459,Wonderful Days (a.k.a. Sky Blue),$2.78,Animation|Sci-Fi,Avavee,26/01/1999
460,"When Time Ran Out... (Day the World Ended, The)",$1.40,Action|Adventure,Innojam,11/08/2014
461,Betty Blue (37°2 le matin),$1.10,Drama|Romance,Youspan,03/05/2011
462,"Apple Dumpling Gang, The",$1.69,Children|Comedy|Western,Twinte,21/03/1999
463,Blinkity Blank,$2.92,Animation,Zoomdog,09/10/1997
464,Body/Cialo,$8.25,Comedy|Drama|Mystery,Thoughtmix,14/08/2018
465,Skeleton Man,$4.76,Action|Horror,Brainbox,04/03/1997
466,Doctor at Large,$1.01,Comedy|Romance,Meemm,02/03/1999
467,Passionada,$10.00,Comedy|Romance,Latz,27/04/2019
468,Faces in the Crowd,$7.64,Crime|Drama|Mystery,Dynazzy,04/06/1993
469,Upstream Color,$3.20,Romance|Sci-Fi|Thriller,Skipfire,10/03/2004
470,"North and South, Book I",$0.53,Drama|Romance|War,Browsebug,17/05/2021
471,Rope,$5.48,Crime|Drama|Thriller,Oyoba,29/12/2012
472,"10th Kingdom, The",$1.31,Adventure|Comedy|Fantasy,Rooxo,17/06/2002
473,Heavy Metal,$7.54,Action|Adventure|Animation|Horror|Sci-Fi,Voonder,30/03/1998
474,Battlefield Earth,$2.80,Action|Sci-Fi,Tekfly,09/12/2008
475,The Man Who Wouldn't Die,$2.13,Crime|Drama|Thriller,Twitterwire,26/03/2005
476,Barbary Coast,$4.12,Adventure|Drama|Romance|Western,Reallinks,01/10/2004
477,Snow (Snijeg),$7.53,Drama,Flashpoint,09/08/1998
478,"Cabin in the Woods, The",$8.55,Comedy|Horror|Sci-Fi|Thriller,Roombo,30/11/2002
479,"Face in the Crowd, A",$8.46,Drama,Fivebridge,10/06/2012
480,Better Off Dead...,$6.52,Comedy|Romance,Blognation,03/12/2011
481,Spring Forward,$5.44,Drama,Oozz,02/01/1998
482,Stratosphere Girl,$0.82,Drama|Mystery,Kimia,19/03/2006
483,Seven Chances,$6.04,Comedy,Meedoo,01/05/1999
484,"Bells of St. Mary's, The",$9.47,Drama,Skalith,25/10/2015
485,Kumail Nanjiani: Beta Male ,$0.07,Comedy|Documentary,Skibox,06/03/1993
486,"Last Movie, The",$4.12,Drama,Youtags,13/11/2004
487,Path to War,$7.73,Drama,Gabtype,17/01/2012
488,"Sword of Doom, The (Dai-bosatsu tôge)",$0.32,Action|Drama,Skimia,01/08/2022
489,Myra Breckinridge,$3.59,Comedy,Meevee,13/08/2021
490,Chu Chin Chow,$5.13,Comedy|Fantasy|Musical,Rooxo,18/01/1998
491,Bluebeard,$0.90,Film-Noir|Horror,Brainlounge,27/12/1998
492,Lonely Are the Brave,$2.40,Drama|Western,Thoughtmix,25/11/2020
493,Anatomy of Hell (Anatomie de l'enfer),$7.16,Drama,Buzzshare,11/04/2018
494,"Leaning Tower, The (Kalteva torni)",$4.73,Comedy,Oyope,12/11/2012
495,I Am Comic,$5.65,Documentary,Quamba,29/01/1991
496,Scourge,$0.03,Horror|Mystery|Sci-Fi,Eire,14/06/2013
497,Tune in Tomorrow...,$0.62,Comedy|Romance,Dynabox,07/02/1991
498,Batman: Gotham Knight,$6.99,Action|Animation|Crime,Feednation,19/12/2020
499,Wilbur Wants to Kill Himself,$7.22,Comedy|Drama|Romance,Zava,12/02/2005
500,"Jacob the Liar (Jakob, der Lügner)",$0.35,Drama,Cogidoo,30/06/1997
501,"Spirit of St. Louis, The",$1.45,Adventure|Drama,Oloo,28/10/2000
502,Are We There Yet?,$1.28,Children|Comedy,Layo,29/06/2007
503,American Winter,$0.80,Documentary|Drama,Mybuzz,22/05/2003
504,"Shot in the Dark, A",$7.25,Comedy|Crime|Mystery,Gabtype,27/06/1992
505,The Boyfriend School,$9.06,Comedy|Romance,Thoughtbridge,02/09/2009
506,Operation Dumbo Drop,$9.15,Action|Adventure|Comedy|War,Mybuzz,18/09/2022
507,Citizen Cohn,$8.81,Drama,Teklist,23/12/2009
508,Big Trouble,$2.52,Comedy|Crime,Myworks,08/08/1998
509,"Three Brothers 2, The (Les trois frères, le retour)",$6.85,Comedy,Vinte,06/07/2021
510,Legendary,$8.24,Drama,Voomm,01/04/2013
511,First Strike (Police Story 4: First Strike) (Ging chaat goo si 4: Ji gaan daan yam mo),$9.36,Action|Adventure|Comedy|Thriller,Tagchat,04/01/1995
512,Comin' at Ya!,$8.28,Western,Leexo,29/05/2001
513,Gates of Heaven,$1.30,Documentary,Photobug,08/09/2019
514,Spetters,$1.65,Comedy|Drama,Yabox,03/04/1991
515,Running on Empty,$6.90,Drama,Npath,09/01/2014
516,"Earth Is a Sinful Song, The (Maa on syntinen laulu)",$2.41,Drama,Kanoodle,16/08/2011
517,Sleeping Beauty,$3.96,Adventure|Fantasy,Skaboo,08/03/2002
518,Toronto Stories,$7.67,Drama,Twinder,19/05/2018
519,Triumph of the Will (Triumph des Willens),$9.23,Documentary,Einti,11/07/2004
520,"Sound of Thunder, A",$3.19,Action|Adventure|Drama|Sci-Fi|Thriller,Devshare,09/04/2001
521,The Aggression Scale,$3.71,Action|Crime|Thriller,Vitz,20/11/1994
522,Haunted Castle,$8.02,Animation|Horror|IMAX,Devbug,16/05/2016
523,Unforgotten: Twenty-Five Years After Willowbrook,$2.31,Documentary,Yodoo,12/02/1991
524,Close Encounters of the Third Kind,$4.27,Adventure|Drama|Sci-Fi,Skipstorm,23/05/2021
525,Hellbound: Hellraiser II,$3.19,Horror,Izio,12/01/1996
526,Journey Beyond Three Seas,$9.09,Adventure,Lazz,29/09/1996
527,Donnie Brasco,$2.13,Crime|Drama,Ooba,03/02/2007
528,Tennessee,$3.42,Drama,Fatz,04/01/2012
529,"Time Machine, The",$7.78,Action|Adventure|Sci-Fi,Tazz,21/10/1998
530,Death of a Cyclist (Muerte de un ciclista),$4.95,Drama,Dynabox,09/09/2020
531,Pulgasari,$0.85,Action|Drama|Fantasy,Thoughtblab,19/12/2004
532,"Debt, The",$2.18,Thriller,Gigaclub,22/03/2005
533,Night of the Living Dead,$5.33,Horror|Sci-Fi|Thriller,Feedfish,06/06/2010
534,"Musketeers of Pig Alley, The",$6.95,Crime|Drama,Omba,08/05/2010
535,Our Man Flint,$6.88,Adventure|Comedy|Sci-Fi,Kayveo,06/12/2016
536,"Fifth Cord, The (Giornata nera per l'ariete)",$7.20,Mystery|Thriller,Wordtune,29/09/2012
537,Legal Eagles,$0.77,Comedy|Crime|Romance,Jabberbean,10/06/1995
538,The Dark Valley,$3.90,Western,Topdrive,29/06/2009
539,Knocked Up,$0.70,Comedy|Drama|Romance,Yombu,24/03/2018
540,"Blood, Sweat + Vinyl: DIY in the 21st Century",$9.96,Documentary,Topiclounge,07/03/2010
541,Ward 13,$1.20,Action|Animation|Comedy|Horror,Eidel,18/04/2009
542,"3 Rooms of Melancholia, The (Melancholian 3 huonetta)",$4.46,Documentary,Skyble,12/04/2000
543,"Sea Hawk, The",$8.61,Action|Adventure|Romance,Demimbu,08/09/2007
544,Dead Men Walk,$5.60,Drama|Horror|Mystery,Oyoba,03/10/2020
545,"Chorus, The (Hamsarayan)",$9.34,Drama,Camido,03/06/2009
546,Serrallonga,$8.28,Adventure|Drama,Demivee,14/03/2000
547,"Ringer, The",$2.34,Comedy,Quaxo,08/11/1997
548,Bedtime Story,$9.28,Comedy,Topdrive,13/01/1995
549,Topralli,$3.75,Comedy,Vinte,13/09/2006
550,"Kid from Brooklyn, The",$1.50,Comedy,Skalith,05/02/1995
551,The Stanford Prison Experiment,$5.50,Drama|Thriller,Ailane,03/03/2002
552,Niko & the Way to the Stars (a.k.a. The Flight Before Christmas) (Niko - Lentäjän poika),$1.49,Adventure|Animation|Children|Drama|Fantasy,Tagopia,12/11/2004
553,"Designated Mourner, The",$4.66,Drama,Dabshots,05/11/1994
554,Going Overboard,$8.04,Comedy,Yoveo,07/04/2013
555,Slaves to the Underground,$1.52,Comedy|Drama,Livepath,30/11/2011
556,42,$5.04,Drama,Devbug,22/01/2000
557,"Creeping Flesh, The",$7.65,Horror|Sci-Fi,Plajo,15/07/1998
558,"Sticky Fingers of Time, The",$3.42,Sci-Fi,Voolith,19/03/1994
559,Teenage,$7.62,Documentary,Aimbu,15/12/2013
560,"Black Room, The",$7.15,Crime|Horror|Thriller,Realfire,11/06/1998
561,Through the Olive Trees (Zire darakhatan zeyton),$8.74,Drama,Thoughtbeat,13/12/2016
562,Blue Swallow (Cheong yeon),$2.78,Drama|Romance,Yozio,30/01/2019
563,Industrial Symphony No. 1: The Dream of the Brokenhearted,$4.39,Drama,Tagchat,18/10/2010
564,Brooklyn,$0.92,Comedy|Drama|Romance,Skippad,24/08/2011
565,Diggers,$5.76,Comedy|Drama,Quimm,07/11/2017
566,Letters to Juliet,$6.90,Drama|Romance,Izio,20/08/2008
567,Valerie and Her Week of Wonders (Valerie a týden divu),$1.84,Adventure|Drama|Fantasy,Skidoo,15/01/2004
568,Dragonquest,$9.23,Fantasy,Twinder,23/12/1996
569,Norwegian Ninja,$6.03,Action|Comedy,Browsedrive,29/01/2019
570,Quill,$9.21,Drama,Bluejam,20/04/2013
571,"Public Enemy, The",$0.22,Action|Crime|Drama,Voomm,05/11/2019
572,97 Percent True,$6.87,Documentary,Dablist,22/09/2004
573,Kajaki,$7.49,Adventure|Drama|War,Npath,25/07/2009
574,Pride and Prejudice,$4.37,Drama|Romance,Brainlounge,29/07/1991
575,Strategic Air Command,$2.56,Action|Drama,Feedfire,27/10/2014
576,Merrily We Live,$2.74,Comedy|Romance,Photobean,26/12/1997
577,Stay Alive,$1.52,Horror|Sci-Fi|Thriller,Jetwire,14/06/2004
578,"Blue Bird, The",$8.68,Children|Fantasy,Jaxbean,27/07/2014
579,Salvatore Giuliano,$1.96,Crime|Drama|War,Divavu,15/04/2005
580,Jesse Stone: Sea Change,$5.21,Crime|Drama,Jabbertype,18/04/1998
581,"Garden of the Finzi-Continis, The (Giardino dei Finzi-Contini, Il)",$3.90,Drama,Thoughtbeat,14/08/1995
582,Street People,$6.15,Action|Thriller,Meevee,16/04/2005
583,Tom and Huck,$8.71,Adventure|Children,Oyoyo,11/08/1995
584,Magic Hunter (Büvös vadász),$8.44,Drama,Quatz,03/08/2014
585,Kirikou and the Wild Beast (Kirikou et les bêtes sauvages),$8.53,Adventure|Animation|Children,Dabfeed,07/11/2002
586,Container,$8.33,Drama|Horror,Edgeify,22/02/2006
587,"Leopard Son, The",$8.09,Documentary,Oyonder,05/08/1996
588,Sunrise at Campobello,$9.31,Drama,Rhybox,19/07/1991
589,Swing,$2.88,Comedy|Drama|Musical,Ooba,24/11/2018
590,Real Genius,$7.09,Comedy,Miboo,30/07/2016
591,Brother Rat,$4.14,Comedy,Brainverse,01/11/2008
592,Merlusse,$9.42,Comedy|Drama,Skilith,29/05/2001
593,Tribes,$2.31,Drama,Brainsphere,07/08/2013
594,"Whole Night, A (Toute une nuit)",$2.03,Drama,Jetwire,31/05/1991
595,Don Juan,$8.69,Adventure|Drama|Romance,Myworks,01/02/1997
596,Which Way to the Front?,$4.84,Comedy|War,Geba,04/04/2018
597,Fingers,$7.78,Drama,Oyoba,17/09/1991
598,Ciao Manhattan (Ciao! Manhattan),$2.92,Documentary|Drama|Romance,Flipbug,11/05/2018
599,Chapter Two,$9.89,Comedy|Drama|Romance,Jetwire,22/11/2009
600,Caught,$5.93,Drama|Thriller,Thoughtmix,01/12/1998
601,Clash of the Titans,$0.43,Action|Adventure|Drama|Fantasy,Lazzy,02/08/2020
602,Chinese Coffee,$8.11,Drama,Muxo,15/11/2000
603,"Killer Is Loose, The",$5.85,Crime|Drama|Film-Noir,Voolith,21/01/1997
604,One for the Money,$3.04,Action|Comedy|Crime,Kazu,16/03/2005
605,Charlie Chan on Broadway,$5.10,Comedy|Crime|Mystery|Thriller,Meejo,17/12/2017
606,Black Sea,$1.84,Adventure|Thriller,Twitterworks,21/03/2021
607,Mass Transit,$6.58,Comedy|Drama,Blognation,08/06/1993
608,Rabid,$3.21,Horror|Thriller,Kimia,17/02/2009
609,Onmyoji (Onmyoji: The Yin Yang Master),$4.87,Action|Drama|Fantasy|Horror,Centizu,10/09/1992
610,Murder by Numbers,$4.49,Crime|Thriller,Fivespan,15/03/1993
611,Robinson in Space,$5.52,Documentary|Sci-Fi,Zoovu,22/11/2016
612,The Great Scout & Cathouse Thursday,$9.91,Action|Comedy|Western,Yakijo,14/08/2000
613,"Last Mogul, The",$5.99,Documentary,Oyoyo,29/01/2015
614,Open Season 3,$0.11,Animation|Children|Comedy,Eabox,12/10/2010
615,Mutual Appreciation,$1.26,Comedy|Drama,Topiclounge,04/11/2016
616,War of the Wildcats (In Old Oklahoma),$6.54,Western,Oyondu,30/01/2002
617,"Zero Years, The",$8.52,Drama,Jabbersphere,18/01/1995
618,"Three Musketeers, The",$7.32,Action|Adventure|Comedy,Leexo,21/06/2022
619,José and Pilar (José e Pilar),$9.32,Documentary,Tagtune,13/09/2013
620,The Fourth War,$3.44,Drama|Thriller,Talane,07/11/1996
621,Bukowski: Born into This,$4.66,Documentary,Yoveo,17/01/2017
622,Bandit: Bandit's Silver Angel (Smokey and the Bandit 7) (Bandit: Bandit and the Silver Angel),$6.93,Comedy,Vinte,09/08/2002
623,Switch,$3.33,Comedy|Crime|Fantasy,Realfire,27/09/1998
624,Sorority Row,$9.00,Horror|Thriller,JumpXS,27/08/2009
625,"Crash Reel, The",$6.51,Documentary,Wordify,09/10/2004
626,Into the Mind,$7.83,Documentary,Voolith,22/03/2005
627,Four Ways Out,$0.71,Crime|Drama,Gevee,14/11/1993
628,Way Out West,$1.77,Comedy|Western,Shuffletag,15/02/2007
629,"Ah of Life, The",$7.15,Drama|Romance|Sci-Fi,Livepath,08/03/2012
630,Enigma,$5.71,Drama|Sci-Fi,Lajo,24/05/1992
631,"Dying Swan, The (Umirayushchii lebed)",$2.39,Drama,Thoughtsphere,31/07/2012
632,How Hitler Lost the War,$1.55,Documentary,Zoomlounge,21/07/1995
633,The Woman in Black 2: Angel of Death,$2.82,Drama|Horror|Thriller,Topicshots,05/03/2017
634,Battle of the Bulge,$8.57,Action|Drama|War,Photospace,02/06/1996
635,"Sum of All Fears, The",$7.06,Drama|Thriller,Devpulse,15/05/2014
636,Uwasa No Onna (The Woman in the Rumor) (Her Mother's Profession),$4.87,Drama|Romance,Zazio,26/10/2016
637,Raising Arizona,$6.05,Comedy,Babblestorm,29/06/2014
638,Millions,$9.61,Children|Comedy|Crime|Drama|Fantasy,Photolist,07/12/2002
639,Cirque du Soleil: Varekai,$3.63,Comedy|Fantasy|Musical|Mystery,Dabjam,14/06/1992
640,Ingenious,$6.28,Comedy|Drama|Romance,Realcube,02/06/2015
641,Hunger,$1.03,Horror|Thriller,Wikizz,28/10/1995
642,Knight Without Armor,$4.05,Adventure|Drama|Romance|Thriller,Browsetype,14/12/2014
643,Big Bad Wolves,$2.77,Crime|Thriller,Dabjam,04/08/1994
644,Born Wild,$5.19,Drama,Trudoo,01/08/1991
645,Corpo Celeste,$5.86,Drama,Demizz,28/01/1992
646,Blood Wedding (Bodas de sangre),$0.81,Drama|Musical|Romance,Voonix,25/12/2015
647,Ways to Live Forever,$0.08,Children|Drama,Yamia,28/07/2003
648,Beer for My Horses,$3.80,Action|Comedy,Shuffledrive,18/08/1993
649,Blade Runner,$3.63,Action|Sci-Fi|Thriller,Thoughtbridge,09/11/2006
650,Gay Purr-ee,$5.33,Animation|Children|Musical,Livefish,04/01/1999
651,Wyatt Earp,$6.63,Western,Trilia,04/04/1997
652,Titanic,$2.38,Action|Drama|Romance,Gabspot,08/05/2001
653,Love (Szerelem),$0.17,Drama,Meemm,14/08/2000
654,Equinox,$5.16,Adventure|Horror|Mystery,Topicstorm,21/11/2017
655,Springfield Rifle,$7.34,Action|War|Western,Oyondu,18/06/1995
656,"Chaser, The (Chugyeogja)",$2.97,Crime|Drama|Thriller,Quamba,08/10/1997
657,Creep Van,$0.18,Horror,Babbleset,17/10/2005
658,"Way, Way Back, The",$7.80,Comedy|Drama,Oba,24/10/2015
659,"Red Squirrel, The (Ardilla roja, La)",$3.68,Comedy|Drama|Mystery|Romance,Yakidoo,22/12/2000
660,The Magnificent Trio,$5.49,Action|Drama|Romance,Shuffledrive,05/09/2008
661,Little Witches,$3.24,Horror|Thriller,Shufflebeat,15/05/2003
662,"Heirloom, The (Zhai Ban)",$7.26,Drama|Horror,Leenti,27/08/2015
663,"Purple Rose of Cairo, The",$6.91,Comedy|Drama|Fantasy|Romance,Skinix,18/01/1999
664,Just Friends?,$7.00,Romance,Voonder,05/07/2008
665,McKenna Shoots for the Stars,$9.27,Children|Drama,Camido,09/01/2009
666,"Statue of Liberty, The",$7.44,Documentary,Reallinks,17/08/2022
667,Fake It So Real,$6.33,Documentary,Dynabox,04/05/2012
668,Exit to Hell,$2.20,Action|Horror|Thriller,Ooba,14/03/1996
669,Losin' It,$5.26,Comedy,Flashset,04/07/2008
670,Men of Respect,$7.95,Crime|Drama|Thriller,Blognation,22/09/2019
671,"Wild One, The",$2.90,Drama,Jaxnation,18/04/2022
672,Sovereign's Company,$9.37,Drama,Thoughtworks,20/05/2014
673,My Left Foot,$4.08,Drama,Fivebridge,30/01/1995
674,"Prisoner of Zenda, The",$1.89,Adventure,Rooxo,24/10/2007
675,Moon Man,$9.15,Animation|Sci-Fi,Livetube,06/01/2021
676,Xingu ,$9.50,Adventure|Drama,Blognation,06/02/2007
677,WarGames,$5.21,Drama|Sci-Fi|Thriller,Kazu,03/09/1993
678,Private,$1.98,Drama|War,Trupe,24/11/2002
679,"Docks of New York, The",$0.88,Crime|Drama,Oyoba,10/03/2007
680,Cousin cousine,$5.74,Comedy|Romance,Eayo,28/08/1998
681,Day of the Dead,$9.60,Horror,Midel,10/03/1994
682,What? (Che?),$9.34,Comedy,Skippad,07/08/2015
683,"Double Hour, The (La doppia ora)",$2.12,Crime|Drama|Mystery|Romance|Thriller,Tazz,10/08/2012
684,Chance,$6.77,Comedy|Drama,Browsecat,15/02/1992
685,"Man from Laramie, The",$1.04,Western,Voonder,24/01/2002
686,"Dead Zone, The",$0.11,Thriller,Centizu,17/10/2004
687,Madame Rosa (La vie devant soi),$0.89,Drama,Plajo,07/04/2018
688,Gunfighter's Moon,$2.83,Romance|Western,Linkbridge,08/05/2010
689,Monsters vs. Aliens,$2.13,Animation|Sci-Fi|IMAX,Twitterwire,19/02/2000
690,The Missing,$6.50,Crime|Drama|Mystery,Thoughtblab,02/12/2004
691,Dinosaurs: A Fun Filled Trip Back in Time,$4.04,Animation|Children,Twimbo,06/01/2021
692,Shining Through,$9.57,Drama|Romance|Thriller|War,Jayo,28/07/2010
693,Beasts of the Southern Wild,$3.91,Drama|Fantasy,Thoughtmix,01/11/1994
694,All the Invisible Children,$6.08,Drama,Skiba,11/10/2008
695,The Natural Love,$3.92,Documentary,Snaptags,21/08/2008
696,Guardian Angel,$4.02,Action|Drama|Thriller,Photobug,15/11/2012
697,"Kid in King Arthur's Court, A",$7.22,Adventure|Children|Comedy|Fantasy|Romance,Skinder,04/05/2001
698,Contagion,$6.63,Sci-Fi|Thriller|IMAX,Fiveclub,28/02/2019
699,Theatre of Blood,$1.10,Comedy|Horror|Mystery,Flipbug,26/07/2013
700,"Whales of August, The",$8.89,Drama,Skippad,25/01/1999
701,Backfire,$2.52,Crime|Film-Noir|Mystery|Romance|Thriller,Realblab,20/05/2005
702,Twin Sisters (De tweeling),$1.04,Drama|Romance|War,Fiveclub,29/01/2007
703,"Expert, The",$1.38,Action,Buzzdog,28/05/1994
704,American Gun,$3.32,Drama,Mymm,19/04/2016
705,"World According to Dick Cheney, The ",$9.42,Documentary,Bluejam,22/08/2001
706,800 Bullets (800 Balas),$1.50,Comedy|Crime|Drama|Western,Gigashots,25/11/2007
707,The Green Years,$7.29,Drama,Einti,13/02/2009
708,Hoodwinked!,$3.42,Animation|Children|Comedy,Roomm,14/08/2014
709,Beyond the Border,$9.54,Action|Drama|War,Cogilith,19/07/1997
710,Möbius,$3.10,Drama|Thriller,Fatz,27/07/2016
711,Wattstax,$0.30,Documentary|Musical,Dablist,29/07/2006
712,Spies Like Us,$5.11,Comedy,Jetpulse,23/06/1993
713,Better This World,$1.19,Documentary,Pixonyx,30/09/1994
714,Ong-Bak 2: The Beginning (Ong Bak 2),$7.02,Action,Dabvine,13/02/2004
715,"Barretts of Wimpole Street, The (a.k.a. Forbidden Alliance)",$0.45,Drama|Romance,Skajo,17/04/1994
716,"Devil Doll, The",$0.67,Horror|Sci-Fi,Meevee,09/06/2019
717,Silver Bears,$9.42,Comedy|Crime,Edgeify,11/06/2009
718,To Encourage the Others,$0.20,Drama,Izio,19/04/2000
719,Dick Figures: The Movie,$1.60,Action|Adventure|Animation,Jaxnation,04/01/1993
720,"Nibelungen: Siegfried, Die",$1.50,Adventure|Drama|Fantasy,Browsebug,27/09/1991
721,"Skulls, The",$7.57,Thriller,Photospace,12/09/2009
722,"Incredible Shrinking Woman, The",$4.44,Comedy|Sci-Fi,Realpoint,29/06/1997
723,Killer (Bulletproof Heart),$8.89,Drama|Thriller,Muxo,16/11/2012
724,Piñero,$3.21,Drama,Muxo,16/02/1997
725,Rampo (a.k.a. The Mystery of Rampo),$1.14,Drama|Mystery,Eimbee,13/02/2014
726,Someone Like You (Unnaipol Oruvan),$2.87,Crime|Drama,Divape,25/10/1999
727,Me and My Sister,$0.52,Comedy,Zooveo,02/03/1993
728,Body Double,$7.55,Mystery|Thriller,Lajo,08/01/2000
729,"County Teacher, The (Venkovský ucitel)",$7.36,Drama,Brainlounge,05/05/2004
730,Latter Days,$9.26,Comedy|Drama|Romance,Buzzshare,08/02/1992
731,"American Carol, An",$7.44,Comedy|Fantasy,Snaptags,29/09/2011
732,White Noise,$3.78,Drama|Horror|Mystery|Sci-Fi|Thriller,Dabjam,05/05/1994
733,From Beginning to End (Do Começo ao Fim),$6.82,Drama|Romance,Yodoo,10/12/1997
734,Animal Kingdom,$4.92,Crime|Drama,Jazzy,25/11/2012
735,Snow Dogs,$9.48,Adventure|Children|Comedy,Yambee,18/05/1999
736,Cowboy Bebop: The Movie (Cowboy Bebop: Tengoku no Tobira),$8.13,Action|Animation|Sci-Fi|Thriller,BlogXS,13/01/1998
737,Slaves of New York,$7.32,Drama,Yambee,14/04/2013
738,Tuck Everlasting,$8.81,Drama|Fantasy,Snaptags,03/05/2014
739,My Future Boyfriend,$6.77,Comedy|Romance|Sci-Fi,Blogtag,14/03/1998
740,Bloody Murder 2: Closing Camp,$1.55,Drama|Horror|Mystery|Thriller,Gabcube,09/05/1999
741,"10th Victim, The (La decima vittima)",$8.12,Action|Comedy|Sci-Fi|Thriller,Zooveo,20/04/2002
742,It Runs in the Family (My Summer Story),$6.04,Comedy,Devcast,08/09/2017
743,Brother 2 (Brat 2),$3.46,Crime|Drama,Skimia,24/02/1992
744,Campus Man,$3.90,Comedy,Photojam,26/05/2020
745,Cochochi,$4.52,Drama,Roombo,08/12/2015
746,"Late Show, The",$2.45,Comedy|Crime|Drama|Mystery,Chatterbridge,04/05/1998
747,Necessary Roughness,$0.83,Comedy,Trudoo,17/12/2013
748,Kansas City,$6.93,Crime|Drama|Musical|Thriller,Skipfire,29/08/1991
749,"Film Unfinished, A (Shtikat Haarchion)",$0.65,Documentary|Drama,Jaxspan,30/06/1994
750,Fletch Lives,$8.58,Comedy,Ozu,29/09/2001
751,"List of Adrian Messenger, The",$8.64,Crime|Drama|Mystery,Roomm,01/01/1991
752,Skylark,$3.19,Comedy|Romance,Meejo,17/03/2005
753,Extracted,$1.97,Drama|Sci-Fi,Zoovu,01/12/2017
754,Universal Soldier: Day of Reckoning,$2.50,Action|Sci-Fi|Thriller,Browsedrive,02/01/2010
755,Real Steel,$4.42,Action|Drama|Sci-Fi|IMAX,Myworks,25/06/2004
756,Brick,$2.67,Crime|Drama|Film-Noir|Mystery,Photobug,27/02/2001
757,GhostWatcher,$9.57,Horror|Mystery|Sci-Fi,Meedoo,22/11/2021
758,Mandabi (The Money Order),$2.03,Drama,Meejo,11/02/2000
759,"Magic Gloves, The (Los guantes mágicos)",$1.82,Comedy|Drama,Thoughtbeat,23/01/2016
760,"5th Musketeer, The (a.k.a. Fifth Musketeer, The)",$8.37,Adventure,Gigashots,09/03/1996
761,Miss Minoes,$7.79,Children|Comedy|Fantasy,Yotz,27/02/2001
762,Spacehunter: Adventures in the Forbidden Zone,$3.97,Sci-Fi,Wordware,13/03/2020
763,Salesman,$4.80,Documentary,Roombo,03/04/2017
764,Wrinkles (Arrugas),$4.84,Animation|Drama,Lazzy,15/08/2006
765,Quackser Fortune Has a Cousin in the Bronx,$9.66,Comedy|Drama|Romance,Twiyo,25/02/1992
766,Dingo,$3.01,Drama,Yotz,03/12/1996
767,Nightmare Factory,$3.24,Documentary,Zooxo,12/06/2020
768,Eddie Murphy Raw,$7.11,Comedy|Documentary,Shufflebeat,26/04/2008
769,The Butter Battle Book,$7.91,Animation|Children,Cogilith,18/10/1998
770,"Best Man Holiday, The",$6.69,Comedy|Drama,Plambee,24/06/2010
771,"Unbelievable Truth, The",$8.13,Comedy|Drama,Oyope,01/01/2007
772,Mifune's Last Song (Mifunes sidste sang),$2.32,Comedy|Drama|Romance,Twitterbeat,24/09/1992
773,Bossa Nova,$2.45,Comedy|Drama|Romance,Divape,20/06/2000
774,Sister Helen ,$6.05,Documentary,Wordpedia,14/06/1994
775,Madame Butterfly,$7.45,Musical,Divanoodle,27/12/1993
776,That's Entertainment! III,$1.64,Documentary,Bubblemix,01/07/1997
777,My Perestroika,$1.06,Documentary,Brainbox,13/03/2008
778,"Europeans, The",$0.23,Drama|Romance,Bluejam,18/04/2009
779,Strike Up the Band,$2.55,Comedy|Musical|Romance,Eadel,17/08/2006
780,Double Happiness,$5.76,Drama,Oloo,25/09/1999
781,Desert Bloom,$8.44,Drama,Browseblab,23/04/2010
782,Flight of the Conchords: A Texan Odyssey,$3.93,Comedy,Jabbersphere,25/02/2006
783,Shiloh,$3.48,Children|Drama,Skalith,03/10/1998
784,Stardust Memories,$8.11,Comedy|Drama,Jetpulse,29/11/1990
785,Beat Street,$1.54,Drama|Musical,Vimbo,30/10/1993
786,"Bound by Honor (a.k.a. Blood In, Blood Out)",$5.10,Action|Crime|Drama|Thriller,Thoughtblab,10/03/2007
787,Carry on Spying (Agent Oooh!),$8.22,Comedy,Devpulse,18/04/2011
788,"Whole Ten Yards, The",$0.98,Action|Comedy|Crime,Voomm,19/09/1992
789,Murder in Greenwich,$5.77,Crime|Drama|Mystery,Vinder,27/02/2013
790,"Professionals, The",$7.42,Western,Zava,17/05/1994
791,"Guardian, The",$6.84,Horror|Thriller,Eire,14/04/2014
792,How I Ended This Summer (Kak ya provyol etim letom),$4.80,Drama,Npath,25/12/2016
793,Terminal Velocity,$5.17,Action|Mystery|Thriller,Tagpad,10/09/1997
794,Soylent Green,$8.74,Drama|Mystery|Sci-Fi|Thriller,Zoomzone,15/08/1994
795,Daughters of Dolma,$6.07,Documentary,Dabshots,27/07/2010
796,"Purple Plain, The",$7.77,Drama|War,Feedspan,29/04/2017
797,1½ Knights - In Search of the Ravishing Princess Herzelinde,$3.23,Comedy,Brainlounge,19/10/1992
798,Chronicle of a Summer (Chronique d'un été),$0.53,Documentary,Youtags,21/05/2003
799,"Wolf Man, The",$5.41,Drama|Fantasy|Horror,Oba,21/12/1993
800,The Trap,$5.82,Crime|Mystery|Thriller,Brainbox,10/11/2012
801,Fun with Dick and Jane,$4.67,Comedy,Vinder,14/05/2018
802,"Great Train Robbery, The (a.k.a. First Great Train Robbery, The)",$5.45,Action|Adventure|Comedy|Crime|Drama,Rhybox,23/02/2022
803,Waxwork,$4.28,Comedy|Horror,Cogibox,13/10/2016
804,Carlos,$0.79,Crime|Drama|Thriller,Eadel,09/08/2004
805,Ninotchka,$1.73,Comedy|Romance,Dynazzy,10/01/2011
806,Sympathy for Mr. Vengeance (Boksuneun naui geot),$1.25,Crime|Drama,Digitube,04/08/1996
807,Last Night,$6.87,Drama|Romance,Zoomlounge,04/03/2020
808,Dreams of  a Life,$8.55,Documentary,Zoonoodle,27/07/2014
809,Another Stakeout,$2.08,Comedy|Thriller,Abata,05/03/2005
810,ATF ,$4.42,Drama|Thriller,Devify,21/04/2009
811,Beneath the Planet of the Apes,$0.36,Action|Sci-Fi,Gigabox,21/10/2021
812,Precious,$1.85,Drama,Divavu,12/04/1997
813,EXPO: Magic of the White City,$0.10,Documentary,Innojam,28/04/2000
814,Niagara,$0.44,Drama|Thriller,Chatterpoint,15/02/1992
815,"Ringer, The",$6.06,Comedy,Zoomlounge,29/08/2017
816,It Felt Like a Kiss,$7.10,Documentary,Vitz,23/03/2018
817,Love (Szerelem),$8.82,Drama,Myworks,28/10/2016
818,"Prizefighter and the Lady, The",$5.93,Comedy|Crime|Romance,Devpulse,04/01/2003
819,"American Dream, An",$9.09,Drama,Skippad,10/06/2005
820,Stand by Me,$5.08,Adventure|Drama,Lajo,14/02/2008
821,Sex and the Single Girl,$5.53,Comedy|Romance,Wikido,21/04/1999
822,Officer Down,$5.49,Crime|Drama,Gabtype,08/11/2010
823,Tennessee,$1.89,Drama,Dabvine,24/03/2008
824,TiMER,$2.31,Comedy|Drama|Fantasy|Romance,Meevee,10/08/2013
825,River Queen,$3.61,Action|Adventure|Drama|Romance|War,Tagtune,06/09/2001
826,Hanzo the Razor: Sword of Justice (Goyôkiba),$1.53,Action,Divavu,11/08/2016
827,Cobra,$6.61,Action|Crime,Jayo,26/10/2002
828,Cutie Honey,$5.94,Action,Mydeo,06/12/2005
829,"Gas, Food, Lodging",$2.25,Drama|Romance,Eayo,20/10/2015
830,Despicable Me,$0.39,Animation|Children|Comedy|Crime,Yodo,02/10/1998
831,"Inbetweeners 2, The",$1.93,Comedy,Browsedrive,08/07/2014
832,One in a Million: The Ron LeFlore Story,$2.34,Drama,Riffwire,09/12/2019
833,Four Friends (a.k.a. Georgia's Friends),$9.90,Drama,Browsezoom,13/02/2002
834,"Fiancee, The (Parineeta)",$2.55,Drama,Yakidoo,12/05/2021
835,Letting Go of God,$9.86,Comedy|Documentary,Tagtune,29/10/2012
836,"Fifth Commandment, The",$9.32,Action|Comedy|Crime|Drama|Thriller,Livepath,09/08/2004
837,"Ghidorah, the Three-Headed Monster (San daikaijû: Chikyû saidai no kessen)",$0.45,Action|Adventure|Fantasy|Sci-Fi,Meeveo,08/06/1992
838,Carnegie Hall,$8.92,Drama,Zoomdog,07/05/2000
839,Beyond the Lights,$5.78,Drama,Voonix,15/02/1991
840,"Hitch Hike (Autostop rosso sangue) (Naked Prey, The)",$9.90,Adventure|Crime|Drama|Horror|Thriller,Brainlounge,15/12/1997
841,Union Square,$0.77,Drama,Quire,06/06/1999
842,Tokyo Fist (Tokyo ken),$2.80,Action|Drama,Voomm,20/10/2002
843,A Connecticut Yankee in King Arthur's Court,$1.56,Adventure|Children|Comedy|Fantasy,Yoveo,08/08/2010
844,Babylon XX,$2.17,Drama,Kwilith,30/08/2013
845,Beloved,$9.74,Drama,Quire,21/02/2003
846,It Felt Like Love,$7.56,Drama,Brainverse,14/03/2004
847,Room at the Top,$8.59,Drama,Rhynoodle,17/07/2020
848,Boat People (Tau ban no hoi),$3.77,Drama,Meevee,05/09/2015
849,Musicwood,$5.50,Adventure|Documentary|Drama,Gevee,24/08/2022
850,"Hurt Locker, The",$8.07,Action|Drama|Thriller|War,Yata,13/03/2007
851,"You, the Living (Du levande)",$6.48,Comedy|Drama|Musical,BlogXS,22/12/1998
852,Teen Beach Movie,$6.52,Children|Musical,Devbug,12/02/2004
853,Lord of War,$5.43,Action|Crime|Drama|Thriller|War,Skivee,01/10/2015
854,Sleep Tight (Mientras duermes),$8.21,Horror|Thriller,Eare,18/08/2018
855,What's Cooking?,$0.15,Drama,Fliptune,14/10/2002
856,"Dragon Missile, The (Fei long zhan)",$1.34,Action,Gigaclub,31/07/2015
857,Unzipped,$0.45,Documentary,Flashdog,08/06/2001
858,Fubar II (Fubar: Balls to the Wall),$6.22,Comedy,Oloo,19/02/2015
859,"Road, The",$9.40,Adventure|Drama|Thriller,Kwideo,15/01/1999
860,Gangster Squad,$3.15,Action|Crime|Drama,Jabbertype,26/01/1994
861,First a Girl,$2.68,Comedy|Musical,Edgewire,02/03/1997
862,Adam and Eve (Adão e Eva),$2.09,Drama,Fivespan,23/11/1993
863,The Girl from the Marsh Croft,$6.48,(no genres listed),JumpXS,24/08/2001
864,Walking with Monsters,$7.94,Documentary,Yodo,22/12/2009
865,"Mahabharata, The",$0.38,Action|Drama|War,Zoomcast,29/09/2001
866,In the Year of the Pig,$7.59,Documentary|War,Eadel,15/06/2019
867,Breathing Room,$5.17,Horror|Mystery|Thriller,Aibox,12/10/2002
868,Confidential Agent,$3.56,Drama|Thriller,Brainbox,06/12/2001
869,Punk in London,$4.94,Documentary|Musical,Voolia,14/10/2015
870,Akira Kurosawa's Dreams (Dreams),$8.34,Drama|Fantasy,Oba,26/08/1992
871,Psych-Out,$6.47,Drama|Musical|Thriller,Browsezoom,27/11/2009
872,Lovely & Amazing,$3.91,Comedy|Drama|Romance,Tazz,23/05/2022
873,Monkeybone,$1.27,Animation|Comedy|Fantasy,Realmix,22/04/1994
874,G.I. Joe: The Rise of Cobra,$5.48,Action|Adventure|Sci-Fi|Thriller,Mudo,12/02/2022
875,Out to Sea,$5.26,Comedy,Layo,28/09/2020
876,Manhattan Melodrama,$4.22,Crime|Drama|Romance,Linktype,27/09/2020
877,Myn Bala: Warriors of the Steppe,$0.63,Action|Adventure|Drama,Gigashots,19/02/1991
878,Festival in Cannes,$1.82,Drama,Gigaclub,21/06/1992
879,In Their Skin,$5.51,Horror|Thriller,Avavee,31/07/2007
880,Chronos,$7.93,Documentary|IMAX,Teklist,14/01/2000
881,"Holcroft Covenant, The",$6.78,Drama|Thriller,Topiclounge,31/07/2021
882,Summer School,$5.12,Comedy,Lajo,21/12/2007
883,Vinyl,$7.11,Documentary,Zoombeat,24/10/2006
884,Wittgenstein,$7.04,Comedy|Drama,Meejo,29/06/1997
885,King's Game (Kongekabale),$1.48,Thriller,Youopia,18/08/1996
886,Tales from the Crypt Presents: Bordello of Blood,$1.07,Comedy|Horror,Oyope,06/01/1998
887,Dreams That Money Can Buy,$2.08,Fantasy,Zoomdog,26/06/2006
888,Four Nights with Anna (Cztery noce z Anna),$7.78,Crime|Drama|Thriller,Bluezoom,06/09/2015
889,Forbidden,$6.64,Drama|Thriller,Skimia,06/08/2014
890,The Boy Who Cried Werewolf,$5.30,Children|Horror,Bubbletube,03/10/2004
891,Free Radicals:  A History of Experimental Film,$2.61,Documentary,Browsezoom,01/08/2003
892,"Dark Mirror, The",$4.04,Film-Noir|Thriller,Skilith,05/09/2017
893,Pete Seeger: The Power of Song,$1.57,Documentary,Realbridge,03/10/1994
894,Rock-a-Bye Baby,$5.92,Comedy,Meeveo,03/05/1995
895,Running Scared,$1.75,Action|Drama,Trudeo,22/02/2000
896,Unbeatable (Ji zhan),$3.87,Action|Drama,Miboo,29/07/2002
897,No Flesh Shall Be Spared,$5.24,Documentary,Zooveo,05/03/2018
898,Clambake,$1.22,Musical,Fatz,03/03/2004
899,Call Girl,$9.93,Drama|Thriller,Zoomzone,29/05/1998
900,Lone Survivor,$0.24,Action|Drama|Thriller|War,Lazz,31/01/1999
901,"Moment After, The",$4.77,Drama|Sci-Fi|Thriller,Kazu,28/01/1994
902,Maiden's Cheek (To xylo vgike apo ton Paradeiso),$3.89,Comedy|Romance,Ainyx,25/05/1991
903,Eureka (Yurîka),$9.54,Drama,DabZ,31/03/1991
904,It All Starts Today (Ça commence aujourd'hui),$0.29,Drama,Gigashots,23/01/2001
905,Among Giants,$7.27,Comedy|Drama|Romance,Mydo,19/04/1996
906,On the Road,$7.04,Adventure|Drama,Browsezoom,15/01/2007
907,Island at War,$9.23,Drama|War,Topicblab,09/09/2015
908,Fight Club,$4.85,Action|Crime|Drama|Thriller,Abata,26/10/2015
909,"Gingerbread Man, The",$5.96,Drama|Thriller,Flipopia,10/11/2018
910,Godzilla vs. Biollante (Gojira vs. Biorante) ,$6.65,Action|Sci-Fi,Podcat,01/10/2019
911,Wondrous Oblivion,$9.01,Children|Comedy|Drama,Demimbu,11/08/2004
912,"Unholy Wife, The",$7.17,Crime|Drama,Rhyzio,08/08/2000
913,"Chef in Love, A (Shekvarebuli kulinaris ataserti retsepti)",$5.72,Comedy|Romance,Centizu,20/07/2015
914,"Big Parade, The",$3.74,Drama|Romance|War,Devify,15/01/1995
915,Just Write,$2.36,Comedy,Tagopia,15/03/1999
916,Motel Hell,$3.43,Comedy|Horror,Fliptune,02/12/1990
917,Madame Sin,$3.98,Thriller,Skivee,23/05/2018
918,"Bird with the Crystal Plumage, The (Uccello dalle piume di cristallo, L')",$0.13,Crime|Horror|Mystery|Thriller,Abatz,30/12/2014
919,Wrong Turn 4,$1.36,Action|Horror|Thriller,Quaxo,01/08/2012
920,Surrogates,$5.08,Action|Sci-Fi|Thriller,Aimbu,18/10/2001
921,Nobody Knows (Dare mo shiranai),$0.92,Drama,Devshare,08/03/2022
922,TiMER,$7.88,Comedy|Drama|Fantasy|Romance,Kamba,02/03/2002
923,Daughters of Dolma,$0.81,Documentary,Camido,28/02/2019
924,Grotesque,$6.79,Horror,Avamm,17/04/2022
925,"Diary for Timothy, A",$6.63,Documentary,Feedbug,13/09/2003
926,This Means War,$1.64,Action|Comedy|Romance,Twitterworks,31/10/1996
927,Tom Sawyer,$9.23,Adventure,Realcube,29/03/1997
928,Juvenile Court,$8.10,Documentary,Eare,22/04/2004
929,Percy Jackson & the Olympians: The Lightning Thief,$5.65,Adventure|Fantasy,Buzzbean,07/06/2021
930,Last Stand At Saber River,$6.81,Western,Meeveo,13/03/1995
931,"Iceman, The",$2.86,Crime|Drama|Thriller,Eadel,03/01/1993
932,Metrobranding,$7.15,Documentary,Quinu,27/05/1997
933,"Dirt Bike Kid, The",$8.23,Children|Comedy|Fantasy,Twinder,26/05/2002
934,"Match, The",$6.42,Comedy|Romance,Centimia,16/08/1995
935,"Bar at the Victoria Station, A (Bar na Victorii)",$0.09,Documentary,Twiyo,21/05/2001
936,"Swimmer, The",$5.16,Drama,Yakitri,06/08/2006
937,Any Which Way You Can,$5.02,Comedy,Realpoint,22/05/2016
938,Leningrad Cowboys Meet Moses,$1.69,Adventure|Comedy,Twitterbeat,03/07/1992
939,Time Limit,$2.25,Drama|Mystery|War,Vitz,22/03/2013
940,Our Town,$4.58,Drama|Romance,Skidoo,25/09/2021
941,"Susana (Devil and the Flesh, The)",$1.80,Drama|Romance,Bluezoom,03/12/1992
942,"Learning Curve, The",$3.40,Crime|Drama|Thriller,Quire,01/12/1998
943,Blue Collar,$5.56,Crime|Drama,Meezzy,06/07/1991
944,Son of a Gun,$2.85,Action|Crime|Drama,Yodoo,23/03/2015
945,Flowers in the Attic,$6.02,Drama|Thriller,Vinder,02/03/2003
946,American Dreams in China,$5.36,Comedy|Drama,Topiczoom,17/04/2017
947,The Hyperboloid of Engineer Garin (Giperboloid inzhenera Garina),$9.61,Sci-Fi,DabZ,02/02/2012
948,Zus & Zo,$5.72,Comedy|Drama|Romance,Meetz,09/07/2009
949,1984,$8.12,Drama|Sci-Fi,Oyoyo,10/05/1993
950,Shadows of Our Forgotten Ancestors (Tini zabutykh predkiv),$8.41,Drama|Romance,Yacero,30/09/1995
951,"Good Time Girls, The (Bonnes femmes, Les)",$4.69,Drama|Mystery|Romance,Skynoodle,18/05/2015
952,Beauty #2,$6.39,Drama,Zooxo,21/08/1997
953,"Woman in Black, The",$6.39,Horror|Mystery,Viva,21/08/2002
954,"Fistful of Dollars, A (Per un pugno di dollari)",$0.12,Action|Western,Twitternation,04/09/2006
955,"Take, The",$9.80,Crime|Drama,Agivu,05/09/2010
956,Loch Ness,$3.23,Drama,Voomm,12/04/2015
957,Wanted! (Nachbarinnen),$1.44,Drama,Jazzy,18/06/1994
958,Anonymous,$8.24,Drama,Yodel,10/04/2010
959,Take a Giant Step,$8.70,Drama,Youspan,23/09/2006
960,Child's Pose,$8.37,Drama,Tagtune,27/11/2011
961,Hero Wanted,$2.76,Action|Crime|Drama|Thriller,Aivee,11/03/1996
962,"Shaggy Dog, The",$7.80,Children|Comedy,Voolia,24/12/1994
963,Good Burger,$9.38,Children|Comedy,Thoughtstorm,18/01/2013
964,Stonewall Uprising,$1.01,Documentary,Pixope,20/10/2012
965,Farewell to the King,$4.33,Action|War,Linkbridge,09/01/2002
966,One Lucky Elephant,$2.97,Documentary,Lazz,20/10/1990
967,Viridiana,$2.73,Comedy|Drama,Edgepulse,21/08/1991
968,"Bank Dick, The",$0.30,Comedy,Dabjam,31/07/2012
969,Frenchman's Creek,$7.35,Adventure|Drama|Romance,Cogibox,06/01/2006
970,Raw Meat (Death Line),$9.98,Horror,Kwilith,08/10/2002
971,"Last Mountain, The",$7.32,Documentary,Quire,23/04/2001
972,Night of the Living Dead,$4.23,Horror|Sci-Fi|Thriller,Yamia,02/09/2003
973,Jönssonligan & den svarta diamanten,$6.83,Comedy,LiveZ,18/12/2005
974,"Hard Way, The",$8.26,Action|Comedy,Blognation,16/05/1995
975,"Nazis Strike, The (Why We Fight, 2)",$0.97,Documentary|War,Trilia,04/02/1999
976,"Sensation of Sight, The",$8.36,Drama,Dabtype,10/04/2003
977,Happy Feet,$5.48,Adventure|Animation|Children|Comedy|IMAX,Abata,03/11/2013
978,Witness to Murder,$1.24,Crime|Drama|Film-Noir|Thriller,Photobean,03/12/2003
979,Solo ,$3.88,Mystery|Thriller,Chatterpoint,28/06/1994
980,Zombieland,$2.58,Action|Comedy|Horror,Meezzy,12/12/2018
981,Mindwarp,$6.96,Horror|Sci-Fi|Thriller,Realbridge,19/10/1997
982,Hear No Evil,$1.33,Thriller,Voomm,23/12/2004
983,Family Guy Presents: Blue Harvest,$9.70,Animation|Comedy,Katz,02/05/2001
984,The Nutcracker in 3D,$2.37,Action|Children|Fantasy|Musical,Wordtune,08/12/1991
985,"Vanquished, The (I vinti)",$2.00,Drama,Jetwire,07/08/2015
986,"Crimson Pirate, The",$8.85,Adventure|Comedy,Innojam,01/01/2005
987,"Gumball Rally, The",$6.09,Adventure|Comedy,Topicblab,20/01/2004
988,Son of Godzilla (Kaijûtô no kessen: Gojira no musuko),$4.47,Sci-Fi,Wikizz,18/04/1995
989,Firstborn,$1.77,Drama|Thriller,Rhycero,29/10/2014
990,Joyride,$6.49,Drama,Thoughtsphere,17/03/2001
991,Den enskilde medborgaren,$6.17,Comedy,Trunyx,15/02/1995
992,Dead End,$1.52,Comedy|Horror|Mystery|Thriller,Flashspan,18/12/2011
993,"Glass-blower's Children, The (Glasblåsarns barn)",$8.99,Children|Drama,Npath,19/07/2002
994,I'm Not There,$8.80,Drama,Realfire,02/10/2015
995,Abbott and Costello Meet Captain Kidd,$4.15,Adventure|Comedy|Musical,Flashspan,17/03/2019
996,Powers of Ten,$4.27,Documentary,Babbleopia,20/10/2012
997,You're a Big Boy Now,$0.07,Comedy|Drama,Dablist,03/04/2018
998,Goldfish Memory,$6.86,Comedy|Drama,Kayveo,01/08/2013
999,Bartok the Magnificent,$4.68,Animation|Children,Skajo,18/10/2016
1000,Noise,$3.86,Comedy|Drama,Oyoba,28/07/2004
